,Row_Max,Column,Max Value,Row_Min,Min Value
0,K,-15,0.5543072227020125,S,-0.32640252734007247
1,K,-14,0.5671664575707094,W,-0.454501773473324
2,K,-13,0.6425967893395739,S,-0.36641767940549413
3,K,-12,0.7706325461370752,F,-0.45846862492102514
4,K,-11,0.7186299569460904,C,-0.5518053268012293
5,K,-10,0.8991969158905869,H,-0.4698653372824491
6,K,-9,0.9823709965606096,C,-0.46026765700347694
7,K,-8,1.0948272043033704,C,-1.0624126071685736
8,K,-7,1.0962524234397257,C,-1.2849154622224714
9,K,-6,0.9726675831097147,C,-1.228208197038088
10,K,-5,1.1728934462190261,W,-0.9298790555231718
11,K,-4,1.3590297640766942,W,-1.1704558821183306
12,K,-3,1.5431662729559166,C,-1.1566757484338437
13,K,-2,1.992372079420498,W,-1.3923622758923877
14,K,-1,2.8936340943990424,W,-1.1778065689667596
15,K,0,0.0,K,0.0
16,R,1,0.4723896737760553,W,-0.922210494796818
17,R,2,0.4985530007002762,C,-0.762611853424392
18,R,3,0.4617226804980488,C,-1.2271680707954773
19,R,4,0.47841338218727214,C,-1.4044078080285134
20,R,5,0.5229128561694929,W,-0.6815825020113114
21,R,6,0.7694008732604536,C,-0.5990017118174665
22,R,7,0.7699831456809818,W,-1.151067785312544
23,R,8,0.6460032277379796,C,-0.6700464175082425
24,R,9,0.6825332175155444,S,-0.3734779630049057
25,R,10,0.5190635501222219,C,-0.7330675778103778
26,R,11,0.4784947134746565,C,-0.5010848315958305
27,R,12,0.21838018981575763,W,-0.35538108483565195
28,R,13,0.4214925382736371,H,-0.3968663333978031
29,A,14,0.28214922942305093,F,-0.3452092797783486
30,R,15,0.44202840494850293,S,-0.2917333348232988
